{"guid":{"value":"fc4cfb1d2fa0cb2d-4258661629b4d3fe"},"aspectRatio":1,"rotation":{"x":0,"y":0,"z":0},"center":{"x":55.84675,"y":-1.73754311,"z":129.599533},"unclampedSize":{"x":61,"y":70},"nodeSize":1,"collision":{"type":"Capsule","diameter":1,"height":1,"collisionOffset":0,"rayDirection":"Both","mask":{"value":512},"heightMask":{"value":256},"fromHeight":200,"thickRaycast":false,"thickRaycastDiameter":1,"up":{"x":0,"y":1,"z":0},"collisionCheck":true,"heightCheck":true,"unwalkableWhenNoGround":true},"maxClimb":0,"maxClimbAxis":1,"maxSlope":90,"erodeIterations":0,"erosionUseTags":false,"erosionFirstTag":1,"autoLinkGrids":false,"autoLinkDistLimit":10,"neighbours":"Eight","cutCorners":true,"penaltyPositionOffset":0,"penaltyPosition":false,"penaltyPositionFactor":1,"penaltyAngle":false,"penaltyAngleFactor":100,"initialPenalty":0,"open":true,"name":"House2Grid","drawGizmos":true,"infoScreenOpen":true}