{
	"guid": {
		"value": "9ff1c9f174c7e436-468bb2ae2e7ce933"
	},
	
	"aspectRatio": 1,
	
	"rotation": {
		"x": 0,
		"y": 0,
		"z": 0
	},
	
	"center": {
		"x": 120,
		"y": 0,
		"z": 115.868187
	},
	
	"unclampedSize": {
		"x": 260,
		"y": 250
	},
	
	"nodeSize": 10,
	
	"collision": 
		{
			"type": "Capsule",
			
			"diameter": 1,
			
			"height": 2,
			
			"collisionOffset": 0,
			
			"rayDirection": "Both",
			
			"mask": {
				"value": 512
			},
			
			"heightMask": {
				"value": 256
			},
			
			"fromHeight": 100,
			
			"thickRaycast": false,
			
			"thickRaycastDiameter": 1,
			
			"up": {
				"x": 0,
				"y": 1,
				"z": 0
			},
			
			"collisionCheck": true,
			
			"heightCheck": true,
			
			"unwalkableWhenNoGround": true
		},
	
	"maxClimb": 0,
	
	"maxClimbAxis": 1,
	
	"maxSlope": 70.2,
	
	"erodeIterations": 0,
	
	"erosionUseTags": false,
	
	"erosionFirstTag": 1,
	
	"autoLinkGrids": false,
	
	"autoLinkDistLimit": 10,
	
	"neighbours": "Eight",
	
	"cutCorners": true,
	
	"penaltyPositionOffset": 0,
	
	"penaltyPosition": false,
	
	"penaltyPositionFactor": 1,
	
	"penaltyAngle": false,
	
	"penaltyAngleFactor": 100,
	
	"initialPenalty": 0,
	
	"open": false,
	
	"name": "All",
	
	"drawGizmos": true,
	
	"infoScreenOpen": false
}