{"guid":{"value":"aff00c13994815ca-cfee966a61ca9ce2"},"aspectRatio":1,"rotation":{"x":0,"y":0,"z":0},"center":{"x":141.647736,"y":0,"z":56.4428177},"unclampedSize":{"x":100,"y":90},"nodeSize":1,"collision":{"type":"Capsule","diameter":1,"height":2,"collisionOffset":0,"rayDirection":"Both","mask":{"value":512},"heightMask":{"value":256},"fromHeight":100,"thickRaycast":false,"thickRaycastDiameter":1,"up":{"x":0,"y":1,"z":0},"collisionCheck":true,"heightCheck":true,"unwalkableWhenNoGround":true},"maxClimb":0.4,"maxClimbAxis":1,"maxSlope":90,"erodeIterations":0,"erosionUseTags":false,"erosionFirstTag":1,"autoLinkGrids":false,"autoLinkDistLimit":10,"neighbours":"Eight","cutCorners":true,"penaltyPositionOffset":0,"penaltyPosition":false,"penaltyPositionFactor":1,"penaltyAngle":false,"penaltyAngleFactor":100,"initialPenalty":0,"open":true,"name":"House1Grid","drawGizmos":true,"infoScreenOpen":true}