{
	"guid": {
		"value": "f42d4ec3c40d5cde-b9299c6a4277650b"
	},
	
	"aspectRatio": 1,
	
	"rotation": {
		"x": 0,
		"y": 0,
		"z": 0
	},
	
	"center": {
		"x": 0,
		"y": 0,
		"z": 0
	},
	
	"unclampedSize": {
		"x": 50,
		"y": 50
	},
	
	"nodeSize": 1,
	
	"collision": 
		{
			"type": "Capsule",
			
			"diameter": 1,
			
			"height": 2,
			
			"collisionOffset": 0,
			
			"rayDirection": "Both",
			
			"mask": {
				"value": 512
			},
			
			"heightMask": {
				"value": -1
			},
			
			"fromHeight": 100,
			
			"thickRaycast": false,
			
			"thickRaycastDiameter": 1,
			
			"up": {
				"x": 0,
				"y": 1,
				"z": 0
			},
			
			"collisionCheck": true,
			
			"heightCheck": false,
			
			"unwalkableWhenNoGround": true
		},
	
	"maxClimb": 0.4,
	
	"maxClimbAxis": 1,
	
	"maxSlope": 90,
	
	"erodeIterations": 0,
	
	"erosionUseTags": false,
	
	"erosionFirstTag": 0,
	
	"autoLinkGrids": false,
	
	"autoLinkDistLimit": 10,
	
	"neighbours": "Eight",
	
	"cutCorners": true,
	
	"penaltyPositionOffset": 0,
	
	"penaltyPosition": false,
	
	"penaltyPositionFactor": 1,
	
	"penaltyAngle": false,
	
	"penaltyAngleFactor": 100,
	
	"initialPenalty": 0,
	
	"open": true,
	
	"name": "Grid Graph",
	
	"drawGizmos": true,
	
	"infoScreenOpen": false
}